tarih,urun,fiyat,durum,satici
2026-07-17 10:18:36,ASUS Prime RTX 5070 Ti 16G (alt listeleme) — Amazon,55999.00,Sıfır (Buybox),Amazon
2026-07-17 10:18:48,ASUS TUF RTX 5070 Ti O16G Gaming — Amazon,54999.00,Sıfır (Buybox),Amazon
2026-07-17 10:19:00,MSI RTX 5070 Ti Shadow 3X OC — Amazon,55999.00,Sıfır (Buybox),Amazon
2026-07-17 10:19:12,Gigabyte RTX 5070 Ti Eagle OC SFF — Amazon,55179.13,Sıfır (Buybox),Amazon
2026-07-17 10:31:48,ASUS Prime RTX 5070 Ti 16G (alt listeleme) — Amazon,55999.00,Sıfır (Buybox),Amazon
2026-07-17 10:32:01,ASUS TUF RTX 5070 Ti O16G Gaming — Amazon,54999.00,Sıfır (Buybox),Amazon
2026-07-17 10:32:13,MSI RTX 5070 Ti Shadow 3X OC — Amazon,55999.00,Sıfır (Buybox),Amazon
2026-07-17 10:32:26,Gigabyte RTX 5070 Ti Eagle OC SFF — Amazon,55179.13,Sıfır (Buybox),Amazon
2026-07-17 12:24:29,Gigabyte RTX 5070 Ti Eagle OC SFF — Amazon,55179.13,Sıfır (Buybox),Amazon
2026-07-17 14:01:30,Gigabyte RTX 5070 Ti Eagle OC SFF — Amazon,55179.13,Sıfır (Buybox),Amazon
2026-07-17 15:15:21,Gigabyte RTX 5070 Ti Eagle OC SFF — Amazon,55179.13,Sıfır (Buybox),Amazon
2026-07-17 17:05:18,Gigabyte RTX 5070 Ti Eagle OC SFF — Amazon,55179.13,Sıfır (Buybox),Amazon
2026-07-17 18:23:59,MSI RTX 5070 Ti Shadow 3X OC — Amazon,64483.06,Sıfır (Buybox),Amazon
2026-07-17 18:24:11,Gigabyte RTX 5070 Ti Eagle OC SFF — Amazon,55179.13,Sıfır (Buybox),Amazon
2026-07-17 19:38:52,MSI RTX 5070 Ti Shadow 3X OC — Amazon,64483.06,Sıfır (Buybox),Amazon
2026-07-17 19:39:07,Gigabyte RTX 5070 Ti Eagle OC SFF — Amazon,55179.13,Sıfır (Buybox),Amazon
2026-07-17 20:43:50,MSI RTX 5070 Ti Shadow 3X OC — Amazon,64483.06,Sıfır (Buybox),Amazon
2026-07-17 20:44:01,Gigabyte RTX 5070 Ti Eagle OC SFF — Amazon,55179.13,Sıfır (Buybox),Amazon
2026-07-17 21:41:30,MSI RTX 5070 Ti Shadow 3X OC — Amazon,64483.06,Sıfır (Buybox),Amazon
2026-07-17 21:41:43,Gigabyte RTX 5070 Ti Eagle OC SFF — Amazon,55179.13,Sıfır (Buybox),Amazon
2026-07-17 22:45:59,MSI RTX 5070 Ti Shadow 3X OC — Amazon,64483.06,Sıfır (Buybox),Amazon
2026-07-17 22:46:12,Gigabyte RTX 5070 Ti Eagle OC SFF — Amazon,55179.13,Sıfır (Buybox),Amazon
2026-07-17 23:36:09,MSI RTX 5070 Ti Shadow 3X OC — Amazon,64483.06,Sıfır (Buybox),Amazon
2026-07-17 23:36:22,Gigabyte RTX 5070 Ti Eagle OC SFF — Amazon,55179.13,Sıfır (Buybox),Amazon
2026-07-18 00:28:21,Gigabyte RTX 5070 Ti Eagle OC SFF — Amazon,55179.13,Sıfır (Buybox),Amazon
2026-07-18 01:14:30,Gigabyte RTX 5070 Ti Eagle OC SFF — Amazon,55179.13,Sıfır (Buybox),Amazon
2026-07-18 02:09:11,Gigabyte RTX 5070 Ti Eagle OC SFF — Amazon,55179.13,Sıfır (Buybox),Amazon
2026-07-18 03:06:06,Gigabyte RTX 5070 Ti Eagle OC SFF — Amazon,55179.13,Sıfır (Buybox),Amazon
2026-07-18 08:40:42,MSI RTX 5070 Ti Shadow 3X OC — Amazon,64483.06,Sıfır (Buybox),Amazon
2026-07-18 13:25:21,ASUS TUF RTX 5070 Ti O16G Gaming — Amazon,81999.00,Sıfır (Buybox),Amazon
2026-07-18 13:26:05,Gigabyte RTX 5070 Ti Eagle OC SFF — Amazon,55179.13,Sıfır (Buybox),Amazon
2026-07-18 14:28:25,ASUS TUF RTX 5070 Ti O16G Gaming — Amazon,81999.00,Sıfır (Buybox),Amazon
2026-07-18 14:28:40,MSI RTX 5070 Ti Shadow 3X OC — Amazon,64483.06,Sıfır (Buybox),Amazon
2026-07-18 15:12:18,ASUS TUF RTX 5070 Ti O16G Gaming — Amazon,81999.00,Sıfır (Buybox),Amazon
2026-07-18 15:12:55,Gigabyte RTX 5070 Ti Eagle OC SFF — Amazon,55179.13,Sıfır (Buybox),Amazon
2026-07-18 16:47:24,ASUS TUF RTX 5070 Ti O16G Gaming — Amazon,81999.00,Sıfır (Buybox),Amazon
2026-07-18 16:48:01,Gigabyte RTX 5070 Ti Eagle OC SFF — Amazon,55179.13,Sıfır (Buybox),Amazon
2026-07-18 17:42:05,Gigabyte RTX 5070 Ti Eagle OC SFF — Amazon,55179.13,Sıfır (Buybox),Amazon
2026-07-18 18:37:01,ASUS TUF RTX 5070 Ti O16G Gaming — Amazon,81999.00,Sıfır (Buybox),Amazon
2026-07-18 19:33:07,ASUS TUF RTX 5070 Ti O16G Gaming — Amazon,81999.00,Sıfır (Buybox),Amazon
2026-07-18 19:33:23,MSI RTX 5070 Ti Shadow 3X OC — Amazon,64483.06,Sıfır (Buybox),Amazon
2026-07-18 20:34:24,MSI RTX 5070 Ti Shadow 3X OC — Amazon,64483.06,Sıfır (Buybox),Amazon
2026-07-18 21:32:35,MSI RTX 5070 Ti Shadow 3X OC — Amazon,64483.06,Sıfır (Buybox),Amazon
2026-07-18 21:32:46,Gigabyte RTX 5070 Ti Eagle OC SFF — Amazon,55179.13,Sıfır (Buybox),Amazon
2026-07-18 22:45:42,Gigabyte RTX 5070 Ti Eagle OC SFF — Amazon,55179.13,Sıfır (Buybox),Amazon
2026-07-19 01:13:03,Gigabyte RTX 5070 Ti Eagle OC SFF — Amazon,55179.13,Sıfır (Buybox),Amazon
2026-07-19 02:10:10,ASUS TUF RTX 5070 Ti O16G Gaming — Amazon,81999.00,Sıfır (Buybox),Amazon
2026-07-19 02:10:51,Gigabyte RTX 5070 Ti Eagle OC SFF — Amazon,55179.13,Sıfır (Buybox),Amazon
2026-07-19 06:46:24,ASUS TUF RTX 5070 Ti O16G Gaming — Amazon,81999.00,Sıfır (Buybox),Amazon
2026-07-19 06:46:35,MSI RTX 5070 Ti Shadow 3X OC — Amazon,64483.06,Sıfır (Buybox),Amazon
2026-07-19 06:46:49,Gigabyte RTX 5070 Ti Eagle OC SFF — Amazon,55179.13,Sıfır (Buybox),Amazon
2026-07-19 09:17:31,ASUS TUF RTX 5070 Ti O16G Gaming — Amazon,81999.00,Sıfır (Buybox),Amazon
2026-07-19 09:17:44,MSI RTX 5070 Ti Shadow 3X OC — Amazon,64483.06,Sıfır (Buybox),Amazon
2026-07-19 09:17:57,Gigabyte RTX 5070 Ti Eagle OC SFF — Amazon,55179.13,Sıfır (Buybox),Amazon
2026-07-19 11:36:11,ASUS TUF RTX 5070 Ti O16G Gaming — Amazon,81999.00,Sıfır (Buybox),Amazon
2026-07-19 11:36:22,MSI RTX 5070 Ti Shadow 3X OC — Amazon,64483.06,Sıfır (Buybox),Amazon
2026-07-19 11:36:35,Gigabyte RTX 5070 Ti Eagle OC SFF — Amazon,55179.13,Sıfır (Buybox),Amazon
2026-07-19 13:10:45,ASUS TUF RTX 5070 Ti O16G Gaming — Amazon,81999.00,Sıfır (Buybox),Amazon
2026-07-19 13:10:58,MSI RTX 5070 Ti Shadow 3X OC — Amazon,64483.06,Sıfır (Buybox),Amazon
2026-07-19 13:11:09,Gigabyte RTX 5070 Ti Eagle OC SFF — Amazon,55179.13,Sıfır (Buybox),Amazon
2026-07-19 14:22:14,ASUS TUF RTX 5070 Ti O16G Gaming — Amazon,81999.00,Sıfır (Buybox),Amazon
2026-07-19 14:22:36,Gigabyte RTX 5070 Ti Eagle OC SFF — Amazon,55179.13,Sıfır (Buybox),Amazon
2026-07-19 15:10:16,ASUS TUF RTX 5070 Ti O16G Gaming — Amazon,81999.00,Sıfır (Buybox),Amazon
2026-07-19 15:10:39,Gigabyte RTX 5070 Ti Eagle OC SFF — Amazon,55179.13,Sıfır (Buybox),Amazon
2026-07-19 16:50:16,ASUS TUF RTX 5070 Ti O16G Gaming — Amazon,81999.00,Sıfır (Buybox),Amazon
2026-07-19 16:50:37,Gigabyte RTX 5070 Ti Eagle OC SFF — Amazon,55179.13,Sıfır (Buybox),Amazon
2026-07-19 17:44:01,ASUS TUF RTX 5070 Ti O16G Gaming — Amazon,81999.00,Sıfır (Buybox),Amazon
2026-07-19 17:44:23,Gigabyte RTX 5070 Ti Eagle OC SFF — Amazon,55179.13,Sıfır (Buybox),Amazon
2026-07-19 18:39:18,ASUS TUF RTX 5070 Ti O16G Gaming — Amazon,81999.00,Sıfır (Buybox),Amazon
2026-07-19 18:39:40,Gigabyte RTX 5070 Ti Eagle OC SFF — Amazon,55179.13,Sıfır (Buybox),Amazon
2026-07-19 19:32:59,ASUS TUF RTX 5070 Ti O16G Gaming — Amazon,81999.00,Sıfır (Buybox),Amazon
2026-07-19 19:33:20,Gigabyte RTX 5070 Ti Eagle OC SFF — Amazon,55179.13,Sıfır (Buybox),Amazon
2026-07-19 20:34:19,ASUS TUF RTX 5070 Ti O16G Gaming — Amazon,81999.00,Sıfır (Buybox),Amazon
2026-07-19 20:34:43,Gigabyte RTX 5070 Ti Eagle OC SFF — Amazon,55179.13,Sıfır (Buybox),Amazon
2026-07-19 21:33:08,ASUS TUF RTX 5070 Ti O16G Gaming — Amazon,81999.00,Sıfır (Buybox),Amazon
2026-07-19 21:33:30,Gigabyte RTX 5070 Ti Eagle OC SFF — Amazon,55179.13,Sıfır (Buybox),Amazon
2026-07-19 22:45:21,ASUS TUF RTX 5070 Ti O16G Gaming — Amazon,81999.00,Sıfır (Buybox),Amazon
2026-07-19 22:45:43,Gigabyte RTX 5070 Ti Eagle OC SFF — Amazon,55179.13,Sıfır (Buybox),Amazon
2026-07-19 23:30:29,ASUS TUF RTX 5070 Ti O16G Gaming — Amazon,81999.00,Sıfır (Buybox),Amazon
2026-07-19 23:30:51,Gigabyte RTX 5070 Ti Eagle OC SFF — Amazon,55179.13,Sıfır (Buybox),Amazon
2026-07-20 00:26:58,ASUS TUF RTX 5070 Ti O16G Gaming — Amazon,81999.00,Sıfır (Buybox),Amazon
2026-07-20 00:27:22,Gigabyte RTX 5070 Ti Eagle OC SFF — Amazon,55179.13,Sıfır (Buybox),Amazon
2026-07-20 01:23:49,ASUS TUF RTX 5070 Ti O16G Gaming — Amazon,81999.00,Sıfır (Buybox),Amazon
2026-07-20 01:24:12,Gigabyte RTX 5070 Ti Eagle OC SFF — Amazon,55179.13,Sıfır (Buybox),Amazon
2026-07-20 02:16:19,ASUS TUF RTX 5070 Ti O16G Gaming — Amazon,81999.00,Sıfır (Buybox),Amazon
2026-07-20 02:16:31,MSI RTX 5070 Ti Shadow 3X OC — Amazon,64458.06,Sıfır (Buybox),Amazon
2026-07-20 02:16:42,Gigabyte RTX 5070 Ti Eagle OC SFF — Amazon,55179.13,Sıfır (Buybox),Amazon
2026-07-20 03:14:59,MSI RTX 5070 Ti Shadow 3X OC — Amazon,64458.06,Sıfır (Buybox),Amazon
2026-07-20 03:15:12,Gigabyte RTX 5070 Ti Eagle OC SFF — Amazon,55179.13,Sıfır (Buybox),Amazon
2026-07-20 07:05:45,ASUS TUF RTX 5070 Ti O16G Gaming — Amazon,81999.00,Sıfır (Buybox),Amazon
2026-07-20 07:06:08,Gigabyte RTX 5070 Ti Eagle OC SFF — Amazon,55179.13,Sıfır (Buybox),Amazon
2026-07-20 10:22:55,ASUS Prime RTX 5070 Ti 16G (alt listeleme) — Amazon,60019.88,Sıfır (Buybox),Amazon
2026-07-20 10:23:07,ASUS TUF RTX 5070 Ti O16G Gaming — Amazon,81999.00,Sıfır (Buybox),Amazon
2026-07-20 10:23:27,Gigabyte RTX 5070 Ti Eagle OC SFF — Amazon,55179.13,Sıfır (Buybox),Amazon
2026-07-20 13:23:05,ASUS TUF RTX 5070 Ti O16G Gaming — Amazon,81999.00,Sıfır (Buybox),Amazon
2026-07-20 13:23:28,Gigabyte RTX 5070 Ti Eagle OC SFF — Amazon,55179.13,Sıfır (Buybox),Amazon
2026-07-20 15:28:53,ASUS TUF RTX 5070 Ti O16G Gaming — Amazon,81999.00,Sıfır (Buybox),Amazon
2026-07-20 15:29:16,Gigabyte RTX 5070 Ti Eagle OC SFF — Amazon,55179.13,Sıfır (Buybox),Amazon
2026-07-20 17:39:06,ASUS TUF RTX 5070 Ti O16G Gaming — Amazon,81999.00,Sıfır (Buybox),Amazon
2026-07-20 19:13:09,ASUS TUF RTX 5070 Ti O16G Gaming — Amazon,81999.00,Sıfır (Buybox),Amazon
2026-07-20 19:13:31,Gigabyte RTX 5070 Ti Eagle OC SFF — Amazon,65499.00,Sıfır (Buybox),Amazon
2026-07-20 21:19:12,ASUS TUF RTX 5070 Ti O16G Gaming — Amazon,81999.00,Sıfır (Buybox),Amazon
2026-07-20 21:19:33,Gigabyte RTX 5070 Ti Eagle OC SFF — Amazon,65499.00,Sıfır (Buybox),Amazon
2026-07-20 23:00:20,ASUS TUF RTX 5070 Ti O16G Gaming — Amazon,81999.00,Sıfır (Buybox),Amazon
2026-07-20 23:00:40,Gigabyte RTX 5070 Ti Eagle OC SFF — Amazon,65499.00,Sıfır (Buybox),Amazon
2026-07-21 00:15:01,ASUS TUF RTX 5070 Ti O16G Gaming — Amazon,81999.00,Sıfır (Buybox),Amazon
2026-07-21 00:15:14,MSI RTX 5070 Ti Shadow 3X OC — Amazon,64458.06,Sıfır (Buybox),Amazon
2026-07-21 01:14:40,MSI RTX 5070 Ti Shadow 3X OC — Amazon,64458.06,Sıfır (Buybox),Amazon
2026-07-21 01:14:51,Gigabyte RTX 5070 Ti Eagle OC SFF — Amazon,65499.00,Sıfır (Buybox),Amazon
2026-07-21 02:15:16,ASUS TUF RTX 5070 Ti O16G Gaming — Amazon,81999.00,Sıfır (Buybox),Amazon
2026-07-21 02:15:48,Gigabyte RTX 5070 Ti Eagle OC SFF — Amazon,65499.00,Sıfır (Buybox),Amazon
2026-07-21 03:11:28,ASUS TUF RTX 5070 Ti O16G Gaming — Amazon,81999.00,Sıfır (Buybox),Amazon
2026-07-21 03:11:41,MSI RTX 5070 Ti Shadow 3X OC — Amazon,64458.06,Sıfır (Buybox),Amazon
2026-07-21 03:11:52,Gigabyte RTX 5070 Ti Eagle OC SFF — Amazon,65499.00,Sıfır (Buybox),Amazon
2026-07-21 06:43:45,Gigabyte RTX 5070 Ti Eagle OC SFF — Amazon,65499.00,Sıfır (Buybox),Amazon
2026-07-21 09:16:55,MSI RTX 5070 Ti Shadow 3X OC — Amazon,64458.06,Sıfır (Buybox),Amazon
2026-07-21 09:17:06,Gigabyte RTX 5070 Ti Eagle OC SFF — Amazon,65499.00,Sıfır (Buybox),Amazon
2026-07-21 11:48:09,ASUS Prime RTX 5070 Ti 16G (alt listeleme) — Amazon,60019.88,Sıfır (Buybox),Amazon
2026-07-21 11:48:42,Gigabyte RTX 5070 Ti Eagle OC SFF — Amazon,65499.00,Sıfır (Buybox),Amazon
2026-07-21 13:52:27,Gigabyte RTX 5070 Ti Eagle OC SFF — Amazon,65499.00,Sıfır (Buybox),Amazon
2026-07-21 15:16:57,Gigabyte RTX 5070 Ti Eagle OC SFF — Amazon,65499.00,Sıfır (Buybox),Amazon
2026-07-21 18:59:14,ASUS Prime RTX 5070 Ti 16G (alt listeleme) — Amazon,60019.88,Sıfır (Buybox),Amazon
2026-07-21 18:59:43,Gigabyte RTX 5070 Ti Eagle OC SFF — Amazon,65499.00,Sıfır (Buybox),Amazon
2026-07-21 20:21:43,Gigabyte RTX 5070 Ti Eagle OC SFF — Amazon,65499.00,Sıfır (Buybox),Amazon
2026-07-21 21:45:56,Gigabyte RTX 5070 Ti Eagle OC SFF — Amazon,65499.00,Sıfır (Buybox),Amazon
2026-07-21 23:08:07,Gigabyte RTX 5070 Ti Eagle OC SFF — Amazon,65499.00,Sıfır (Buybox),Amazon
2026-07-22 00:23:40,Gigabyte RTX 5070 Ti Eagle OC SFF — Amazon,65499.00,Sıfır (Buybox),Amazon
